URL,Title,Meta Description,First H1,First Link,First Image
https://lilianazenaro.com.br,Decora√ß√£o de Interiores - Liliana Zenaro Interiores,Decora√ß√£o de Interiores √© quando o projeto de uma casa vai al√©m da est√©tica. Ele deve concretizar os sonhos e desejos de seus moradores.Contate nos!,Liliana Zenaro especializada emDecora√ß√£o de Interiores,https://pt-br.facebook.com/lilianazenarointeriores/,https://149361125.v2.pressablecdn.com/wp-content/uploads/2018/05/logo-liliana-zenaro.png
https://www.vivadecora.com.br,"Viva Decora. Ideias para decora√ß√£o e design de interiores: cozinha, banheiro, quarto e sala",{$ metadata.metaDescription $},No H1,No links,No images
https://www.casadevalentina.com.br,Home - Casa de Valentina,Aqui a jornalista Lucila Zahran Turqueto apresenta uma sele√ß√£o dos projetos de arquitetura de interiores mais interessantes e completos nacionais e internacionais. √â o melhor site para quem realmente gosta de decora√ß√£o.,No H1,#content,https://www.casadevalentina.com.br/wp-content/uploads/2017/09/logo-3.png.webp
https://foccolojas.com.br,Sistema de Gest√£o para Loja de M√≥veis | FoccoLOJAS,"O FoccoLOJAS √© um sistema de gest√£o para loja de m√≥veis. 100% web, ajuda a evitar falhas, retrabalhos e agilizar a troca de informa√ß√µes dentro da loja, garantindo lucro. Com ele √© poss√≠vel ter total controle sobre as vendas, al√©m de ser uma poderosa ferramenta de or√ßamento e negocia√ß√£o.",Sistema de gest√£o paraloja de m√≥veis,#content,"data:image/svg+xml;base64,PHN2ZyB4bWxucz0iaHR0cDovL3d3dy53My5vcmcvMjAwMC9zdmciIHdpZHRoPSI1NTYiIGhlaWdodD0iMjYzIiB2aWV3Qm94PSIwIDAgNTU2IDI2MyI+PHJlY3Qgd2lkdGg9IjEwMCUiIGhlaWdodD0iMTAwJSIgc3R5bGU9ImZpbGw6I2NmZDRkYjtmaWxsLW9wYWNpdHk6IDAuMTsiLz48L3N2Zz4="
https://www.moyo.pt,"Design de interiores, Decora√ß√£o de Interiores e Arquitectura | MOYO Concept","Concebemos e executamos projetos de design de interiores, arquitetura e decora√ß√£o √† sua medida em empresas, casas, caf√©s, lojas. Fale connosco.",,/,https://www.facebook.com/tr?id=249996332219861&ev=PageView&noscript=1
https://blog.archtrends.com,Tend√™ncias e Refer√™ncias | Arquitetura e Design | Archtrends,"Fique por dentro das √∫ltimas novidades, tend√™ncias e refer√™ncias da Arquitetura e do Design com os Conte√∫dos Archtrends Portobello. Acesse para ler.",Conte√∫do,https://archtrends.com/,https://archtrends.com/templates/images/icons/icon_account-big.svg
https://housfy.pt,"Housfy: Vende, compra, alquila tu vivienda, o consigue hipoteca",¬°Empieza a ahorrar tiempo y dinero con Housfy! Descubre los mejores servicios de la inmobiliaria online y gesti√≥n del hogar de la mano de nuestros expertos.,La soluci√≥n idealpara gestionar tu casa,/venta-inmuebles,https://cms.housfy.com/assets/70a221ef-f87d-4bf2-9e58-05c24a74a7e9?width=2200&format=webp
https://www.designinteriores.com.br,Home | Jaqueline Ribeiro - Design de Interiores,"Design de interiores, representa√ß√£o gr√°fica de projetos e consultoria em decora√ß√£o com acompanhamento em lojas em Curitiba e regi√£o.",No H1,#content,"data:image/gif;base64,R0lGODlhAQABAAAAACH5BAEKAAEALAAAAAABAAEAAAICTAEAOw=="
https://blog.lojasincor.com.br,"Casa, Coisas e Tal | Um blog da Lojas Incor","Essa √© a casa dos apaixonados por decora√ß√£o, para aqueles que assim como n√≥s, da Lojas Incor, pensam que decorar √© muito mais do que harmonizar m√≥veis e pe√ßas bonitas. Estamos abrindo as portas da nossa casa para voc√™, ent√£o pode entrar e fique a vontade, aqui a casa √© sua tamb√©m!",,https://www.lojasincor.com.br/moveis,https://blog.lojasincor.com.br/wp-content/uploads/2018/01/logo-mobile-2-1.png
https://planner5d.com,Planner 5D: House Design Software | Home Design in 3D,An advanced and easy-to-use 2D/3D house design tool. Create your dream home design with powerful but easy software by Planner 5D.,Create your dream home,https://planner5d.com,https://static.planner5d.com/assets/images/promo/effortless/design.png?ux=6.184.11
https://higihouse.com.br,Higi House - Produtos e Servi√ßos Para Sua Casa Mais Limpa!,"Sua casa mais limpa com a Higi House. Solicite seu or√ßamento e compre nossos melhores produtos aqui, em nosso site oficial!",A Higi House oferece solu√ß√µes emServi√ßoseProdutos de Limpezade alta performance para voc√™.,/minha-conta/,https://www.higihouse.com.br/wp-content/uploads/2021/05/logo_selo5Anos.png
https://joanaathome.com,Joana at Home - Limpeza e Organiza√ß√£o da Casa,"Queres saber como ter uma casa limpa e organizada com solu√ß√µes simples e 
sustent√°veis? Aqui encontras dicas de limpeza e organiza√ß√£o da casa, para 
conseguires cuidar da tua casa de uma forma mais eficiente e tranquila.",simplifica as,#page,//images.squarespace-cdn.com/content/v1/624b334db05eac110a28a722/7b44b8fc-10b0-46ce-8df0-5945296ffcb2/Untitled+design+%2824%29.jpg?format=1500w
https://blog.dona.com.br,Blog da e.dona ‚Äì Dicas de limpeza e organiza√ß√£o,"No Blog da e.dona voc√™ encontra dicas de rotina e pr√°ticas para facilitar a limpeza, organiza√ß√£o e economia de sua casa ou estabelecimento.",Blog da e.dona,https://blog.dona.com.br,https://blog.dona.com.br/wp-content/uploads/2022/12/imagem-logo-e-dona-novo.png
https://www.durafloor.com.br,403 Forbidden,No meta description,403 Forbidden,No links,No images
https://uauingleza.com.br,UAUIngleza - Felicidade √© estar com voc√™!,"Somos prote√ß√£o, inova√ß√£o e perfumes surpreendentes. Somos o cuidado com os detalhes, a prote√ß√£o dos ambientes e aquele brilho √∫nico de limpeza.",No H1,#content,https://www.facebook.com/tr?id=408244210155756&ev=PageView&noscript=1
https://blog.madesa.com,"Madesa | Tend√™ncias para Decora√ß√£o, DIY e muito mais!","Tend√™ncias para Decora√ß√£o, DIY e muito mais!",Blog Madesa,https://blog.madesa.com,https://www.facebook.com/tr?id=1813753548868058&ev=PageView&noscript=1
https://girandosol.com.br,Girando Sol: Cuidando de cada cantinho da sua casa,"Descubra nossa linha completa de solu√ß√µes eficientes para limpeza, que vai de desinfetantes a sab√£o em p√≥ e mantenha seu lar impec√°vel. Visite-nos agora!",Girando SolSua marca de,https://girandosol.com.br,"https://www.facebook.com/tr?id=3249432798497446&ev=PageView
&noscript=1"
https://maxbio.com.br,Maxbio - Produtos Biodegrad√°veis para Limpeza Profissional,"A Maxbio desenvolve e comercializa produtos biodegrad√°veis de limpeza, proporcionado praticidade com pouca √°gua e economia de tempo e dinheiro.",Mabio Produtos Biodegrad√°veis para Limpeza Profissional,mailto: vendas@maxbio.com.br,https://www.facebook.com/tr?id=1769107086682075&ev=PageView&noscript=1
https://www.copagaz.com.br,Copagaz | Distribuidora de G√°s (GLP) Residencial,"Distribuidora de G√°s Residencial: solu√ß√µes GLP para sua casa! A Copagaz garante seguran√ßa, qualidade e agilidade. Conhe√ßa mais!",Blog COPAGAZ,https://wa.me/5508007072672,https://www.facebook.com/tr?id=1088895238114921&ev=PageView&noscript=1
https://kalinkacarvalho.com.br,Kalinka Carvalho,"Kalinka Carvalho √© consultora, palestrante e produtora de conte√∫do em organiza√ßƒÅo residencial e pessoal. Personal Organizer a 7 anos, d√° dicas de organiza√ßƒÅo em seu blog e canal do you tube: www.kalinkacarvalho.com.br. Tamb√©m oferece consultorias e palestras que ajudam as pessoas a se organizarem.",,http://facebook.com/kalinkascarvalho,https://dfcyhohzr4i9z.cloudfront.net/assets/preloader-cc4b4a4644b9644b9db6d69b7206f5b4d910ff8c8ef3b39846b9342a640f319a.gif
https://blog.persianet.com.br,"- Cortinas, persianas e decora√ß√£o","Cortinas, persianas e decora√ß√£o",,#content,https://www.facebook.com/tr?id=1890365721188164&ev=PageView&noscript=1
https://www.moveiscancao.com.br,N√£o √© poss√≠vel executar CAS Asserts nos m√©todos Security Transparent,No meta description,Erro de Servidor no Aplicativo '/'.,No links,No images
https://www.creditoreal.com.br,"Na Cr√©dito Real voc√™ Compra, Vende ou aluga seu im√≥vel!","A Cr√©dito Real oferece os melhores servi√ßos para compra, venda, aluguel e seguros de im√≥veis, al√©m de diversos servi√ßos de condom√≠nio | Negocie j√° seu im√≥vel!",Cr√©dito Real,/home,/Site2018/assets/images/flutuante/BannerFlutuante150 x150_CrisIA.png
https://artex.com.br,"ARTEX: transforme sua casa | cama, mesa, banho e decora√ß√£o","Transforme o visual da sua casa com as roupas de cama, moda banho e artigos de mesa ARTEX. Encontre aqui os melhores produtos para o seu lar!",No H1,/#menu,https://images-prod.artex.com.br/372x372/jpg/features/2023_artex/Webtree/23.03_att/webtree_compre-por-tamanho.jpg
https://leiturinha.com.br,Leiturinha | O maior clube de livros infantis do Brasil,O maior clube do livro infantil seleciona os melhores livros infantis todo m√™s para seu pequeno leitor. Fa√ßa parte do Clube Leiturinha!,No H1,https://www.leiturinha.com.br/politica_de_privacidade,/images/shared/logo.svg
https://www.theminiadhdcoach-brasil.com,The Mini ADHD Coach ‚ãÖ Conscientiza√ß√£o sobre o #TDAH & Gentileza ‚ú®,Ol√°! Eu sou o Mini TDAH Coach!  üß† ‚ãÖ TDAH Blog ‚ãÖ Guia de autoavalia√ß√£o de TDAH,Ol√°! Eu sou o Mini TDAH Coach!,/,https://ct.pinterest.com/v3/?event=init&tid=2614075918526&pd[em]=<hashed_email_address>&noscript=1
https://www.astra-sa.com,Astra | Sua casa merece,A Astra √© uma empresa multiespecializada que cria e comercializa produtos e solu√ß√µes para o dia a dia das pessoas. Venha Conferir!,,contato.asp,https://www.facebook.com/tr?id=722142261464044&ev=PageView&noscript=1
https://storageguardatudo.com.br,Guarda M√≥veis e Self Storage | Storage Guarda-Tudo,"A Storage Guarda-Tudo tem tradi√ß√£o de 27 anos de opera√ß√µes e a confian√ßa de mais de 18.000 clientes atendidos em SP, RJ e Campinas. Saiba!",Guarda M√≥veis Self Storage,https://storageguardatudo.com.br/ligamos-para-voce/,https://storageguardatudo.com.br/wp-content/uploads/2016/02/logo.png
https://www.interlagos.com.br,Shopping Interlagos,,No H1,#,https://www.facebook.com/tr?id=1588238957890899&ev=PageView&noscript=1
